namefirst,namelast,age,ssn,city,phone
Herman,Schwoeppe,49,387150986,Lansing,1153404281
Mike,Simenson,29,693832650,Elizabeth,9542472797
Johnathon,Maruszak,80,511192152,Richmond,8515805313
Chance,Monck,33,552455088,Columbia,7804320510
Scott,Nordtvedt,25,368808789,Glendale,1121647869
Jonah,Siever,68,970588212,South Bend,6371432993
Russ,Hauman,99,105315729,Pembroke Pines,3148916431
Rodrick,Kaylor,4,535930355,Cambridge,5761090676
Ian,Lidgard,86,148762092,Oklahoma City,7960976853
Kerry,Hohensee,63,493414365,Chesapeake,8165207118
Randell,Dana,29,252951740,Raleigh,9214988982
Marlin,Dannemann,91,563151682,Ann Arbor,2794735631
Byron,Zolinski,93,727842791,Chula Vista,2172370157
Sidney,Mongar,37,129202233,Frisco,3825865246
Isaias,Daxon,74,434339446,Salinas,6450327184
Noe,Koford,81,295725569,Modesto,5477252019
Laverne,Tribbitt,43,209436244,Oxnard,8398093619
Lorenzo,Crabill,87,942320127,West Covina,3615633170
Fredric,Bercovici,17,401254046,San Buenaventura,8756595840
Irvin,Morlet,9,494069367,Bakersfield,4329516677
Alvin,Beidler,75,382092160,Boise,2464504470
Samuel,Ke,45,174867274,Lansing,8020750287
Cristobal,Haner,101,784362019,Detroit,2494886392
Terrence,Tesso,27,377338026,Brownsville,4279383929
Dan,Vanvugt,101,455662593,West Jordan,5504722394
Columbus,Gadhia,6,392103945,Tulsa,9273038456
Son,Ghia,26,132263824,Escondido,3119266182
Newton,Schinnerer,75,474964682,San Francisco,5449944779
Israel,Tannenbaum,87,315153881,Coral Springs,2813947993
Kennith,Macmurray,43,147975904,Cape Coral,8526490931
Randall,Russ,55,843071620,Jersey City,5199017110
Percy,Menchaca,73,274001864,Cincinnati,3645373502
Clifford,Demass,7,508339299,Miramar,1711213122
Brendan,Luing,69,173105172,Augusta,5577871571
Cletus,Pajewski,51,620633655,El Paso,1221364845
Bradford,Serkin,78,676261391,Clarksville,3630204409
Frances,Scarsella,100,913382495,New Orleans,4525240500
Jonathan,Lotito,28,139539778,Philadelphia,8221400807
Sebastian,Anca,8,882982999,Sioux Falls,1243718711
Ron,Kunis,60,602895561,Lakewood,7351957059
Winfred,Huckle,79,979196281,Seattle,2277817704
Edgar,Boyzo,100,883410640,Carlsbad,9187487208
Brian,Hollada,69,613759967,Worcester,3175214920
Erwin,Mccoo,4,646920361,Mesa,6634206029
Jaime,Aasness,101,916343282,Port Saint Lucie,6384352730
Maurice,Skarke,2,376606440,Elizabeth,4980283446
Boris,Grandpre,103,580515864,Akron,7612092677
Kristopher,Darienzo,54,869978257,Tucson,3820731211
Clay,Dunyon,72,959798285,Oakland,6377174291
Santos,Wachtel,22,315445547,Fort Lauderdale,1840633688
Martin,Vanderplaats,28,772870831,Atlanta,1524050575
Guillermo,Seuferer,41,836059230,Inglewood,4944027242
Vernon,Balasco,62,454046062,Topeka,8303614716
Bobbie,Gremore,40,880608973,San Francisco,3291998889
Arlen,Raptis,72,815550630,Norfolk,1766038865
Eugene,Falsey,31,589775227,Fort Lauderdale,6010659485
Kristofer,Spallino,59,714001089,Stamford,4822072792
Jc,Odenbaugh,101,774696578,Pembroke Pines,4984969270
Rusty,Kohara,82,141297459,Corona,6514338417
Sung,Allegro,81,364494541,Sacramento,9881467650
Mack,Segear,70,658879144,Des Moines,2047837282
Grover,Treme,62,794582544,Columbia,4393892686
Russ,Bandyopadhyay,9,314643417,Tulsa,4779034960
Elvin,Strapp,90,373863960,Lowell,6000016686
Marcelino,Weissend,17,803230180,Elk Grove,7334389666
Albert,Umbel,12,343042847,Everett,3415703453
Teodoro,Sankowski,58,142578396,Manchester,9475177197
Stephen,Mazzucco,12,131217228,Lafayette,8553526252
Dannie,Fant,38,605374216,Riverside,9396097116
Kelley,Nimer,73,878929783,Las Vegas,3465966367
Alden,Stampfel,93,149681790,San Diego,1454066616
Hunter,Derivera,97,195904538,Lakewood,6926147418
Theodore,Tack,7,742152674,Concord,1281114952
Dean,Gibbings,9,842358730,Hialeah,2210762211
Marlin,Leonti,28,623652510,Ontario,4885800864
Trenton,Adamcik,78,834872812,Torrance,2614761221
Jamar,Tamburino,40,890076205,Nashville,6683436178
Elias,Bowyer,59,433245636,Stamford,3356790819
Norman,Rothermich,13,404005790,Independence,4860849181
Nicholas,Huedepohl,69,125429955,Omaha,1727422163
Jasper,Kukura,33,413991860,Little Rock,1562864763
Lenard,Joyce,35,405704659,Jersey City,8284116680
Hunter,Taback,17,733249122,Indianapolis,4241010841
Chad,Devonish,103,196595162,Santa Clara,7317556594
Karl,Conoly,46,524086194,Corpus Christi,1777958272
Clifton,Swon,63,590188036,Hollywood,4562257475
Dennis,Bycroft,96,295175854,Moreno Valley,2810071363
Elias,Lye,88,254518128,Warren,2094049377
Jan,Puffinburger,20,265917960,Pembroke Pines,2273817250
Ronnie,Chirgwin,87,572179859,Honolulu,4685260044
Vicente,Veenstra,25,941490883,Fayetteville,2937913007
Henry,Deen,91,100419481,Carrollton,9183346139
Lester,Beougher,81,491788877,Westminster,6652109395
Gary,Kamph,69,345574839,Modesto,7879479220
Eric,Tranbarger,38,833118921,Midland,7237632165
Palmer,Pionk,86,880042732,Independence,2341695064
Palmer,Hobeck,66,790411602,Ann Arbor,5342357171
Timothy,Komp,28,851667249,Saint Louis,5585436223
Berry,Bieberle,45,434038625,Pittsburgh,4595657866
Alexander,Mongalo,88,534640279,Evansville,7876615594
>>>>>>> 5172555ab88fa91679ce3f16599b5e99d6cb6e04
